<?xml version="1.0" encoding="utf-8" ?>
<dwsync>
<file name="install.php" server="joyonto.net" local="130112137897515882" remote="130113246000000000" Dst="2" />
<file name="admin.php" server="joyonto.net" local="130112255075269299" remote="130113249000000000" Dst="2" />
<file name="index.html" server="joyonto.net" local="129664507580000000" remote="130113249000000000" Dst="2" />
<file name="index.html" server="6ad.311.myftpupload.com/projects/hms/" local="129664507580000000" remote="130209282000000000" Dst="0" />
<file name="install.php" server="6ad.311.myftpupload.com/projects/hms/" local="130112137897515882" remote="130209282000000000" Dst="0" />
<file name="admin.php" server="6ad.311.myftpupload.com/projects/hms/" local="130209495538722373" remote="130209282600000000" Dst="0" />
<file name="payment.php" server="6ad.311.myftpupload.com/projects/schoolmanager/" local="130240704439856946" remote="130242970800000000" Dst="0" />
<file name="student.php" server="6ad.311.myftpupload.com/projects/schoolmanager/" local="130278033331403553" remote="130281065400000000" Dst="0" />
<file name="admin.php" server="6ad.311.myftpupload.com/projects/schoolmanager/" local="130280286571747949" remote="130281065400000000" Dst="0" />
<file name="install.php" server="6ad.311.myftpupload.com/projects/schoolmanager/" local="130277137836240751" remote="130281065400000000" Dst="0" />
<file name="index.html" server="6ad.311.myftpupload.com/projects/schoolmanager/" local="129664507580000000" remote="130242970800000000" Dst="0" />
<file name="login.php" server="6ad.311.myftpupload.com/projects/schoolmanager/" local="130280294459879124" remote="130281065400000000" Dst="0" />
<file name="modal.php" server="6ad.311.myftpupload.com/projects/schoolmanager/" local="130280277727062062" remote="130281065400000000" Dst="0" />
<file name="teacher.php" server="6ad.311.myftpupload.com/projects/schoolmanager/" local="130277942234093411" remote="130281065400000000" Dst="0" />
<file name="parents.php" server="6ad.311.myftpupload.com/projects/schoolmanager/" local="130280478063750583" remote="130281065400000000" Dst="0" />
<file name="multilanguage.php" server="6ad.311.myftpupload.com/projects/schoolmanager/" local="130275048208206088" remote="130281065400000000" Dst="0" />
</dwsync>